指标,数量
近3个月需要年审(待办),149
其中已逾期,20
已年审(已完成),141
完成比例%,48.62
计算公式,141 / (141+149) = 48.62%

【待办按检验到期月】
月份,车辆数
2026-03,2
2026-04,1
2026-05,2
2026-06,15
2026-07,79
2026-08,8
2026-09,42

【已完成按办理时间月】
月份,车辆数
2026-06,110
2026-07,31

【待办明细】
车牌号,品牌,型号,运营状态,检验到期日,剩余天数,区域,状态
浙F00280F,飞驰,49吨牵引车头,库存,2026-03-31,-115,浙江省-嘉兴市,待办
浙F02002F,飞驰,49吨牵引车头,库存,2026-03-31,-115,浙江省-嘉兴市,待办
浙F03258F,飞驰,49吨牵引车头,库存,2026-04-30,-85,广东省-韶关市,待办
浙F02908F,飞驰,18吨厢式货车,租赁,2026-05-31,-54,浙江省-嘉兴市,待办
浙F07918F,飞驰,18吨厢式货车,库存,2026-05-31,-54,浙江省-嘉兴市,待办
粤AGP4396,现代,帕力安牌4.5吨冷链车,租赁,2026-06-30,-24,重庆市-渝北区,待办
粤AGP9739,现代,帕力安牌4.5吨冷链车,库存,2026-06-30,-24,重庆市-九龙坡区,待办
粤AGP3097,现代,帕力安牌4.5吨冷链车,租赁,2026-06-30,-24,重庆市-巴南区,待办
粤AGP9827,现代,帕力安牌4.5吨冷链车,库存,2026-06-30,-24,重庆市-渝北区,待办
浙F36000F,飞驰,49吨牵引车头,租赁,2026-06-30,-24,浙江省-嘉兴市,待办
浙F02228F,飞驰,49吨牵引车头,租赁,2026-06-30,-24,浙江省-嘉兴市,待办
浙F00900F,飞驰,49吨牵引车头,租赁,2026-06-30,-24,浙江省-嘉兴市,待办
浙F00688F,飞驰,49吨牵引车头,租赁,2026-06-30,-24,浙江省-嘉兴市,待办
粤AGP3087,现代,帕力安牌4.5吨冷链车,租赁,2026-06-30,-24,重庆市-渝北区,待办
浙F39885F,飞驰,49吨牵引车头,租赁,2026-06-30,-24,浙江省-嘉兴市,待办
浙F32111F,飞驰,49吨牵引车头,租赁,2026-06-30,-24,浙江省-嘉兴市,待办
浙F08066F,飞驰,49吨牵引车头,租赁,2026-06-30,-24,浙江省-嘉兴市,待办
浙F02818F,飞驰,49吨牵引车头,租赁,2026-06-30,-24,浙江省-嘉兴市,待办
浙F01115F,飞驰,49吨牵引车头,租赁,2026-06-30,-24,浙江省-嘉兴市,待办
浙F08833F,飞驰,49吨牵引车头,租赁,2026-06-30,-24,浙江省-嘉兴市,待办
京A29256F,楚风,18吨厢式货车,库存,2026-07-31,7,北京市-北京市,待办
沪A66329F,苏龙,海格牌18吨双飞翼货车,租赁,2026-07-31,7,上海市-南京市,待办
沪A01311F,苏龙,海格牌18吨双飞翼货车,租赁,2026-07-31,7,江苏省-南京市,待办
沪A67018F,苏龙,海格牌18吨双飞翼货车,租赁,2026-07-31,7,上海市-西安市,待办
沪A63522F,苏龙,海格牌18吨双飞翼货车,租赁,2026-07-31,7,上海市-西安市,待办
沪A55666F,苏龙,海格牌18吨双飞翼货车,租赁,2026-07-31,7,上海市-西安市,待办
沪A31308F,苏龙,海格牌18吨双飞翼货车,租赁,2026-07-31,7,上海市-金华市,待办
沪A09313F,苏龙,海格牌18吨双飞翼货车,租赁,2026-07-31,7,上海市-金华市,待办
京A16308F,楚风,18吨厢式货车,库存,2026-07-31,7,北京市-北京市,待办
京A26337F,楚风,18吨厢式货车,库存,2026-07-31,7,北京市-北京市,待办
京A12565F,楚风,18吨厢式货车,库存,2026-07-31,7,北京市-北京市,待办
浙FFJ2966,,,库存,2026-07-31,7,浙江省-嘉兴市,待办
京A43005F,楚风,18吨厢式货车,库存,2026-07-31,7,北京市-北京市,待办
沪E9652挂,明威,重型集装箱半挂车,租赁,2026-07-31,7,浙江省-嘉兴市,待办
沪A68613F,苏龙,海格牌18吨双飞翼货车,租赁,2026-07-31,7,上海市-西安市,待办
沪A68115F,苏龙,海格牌18吨双飞翼货车,租赁,2026-07-31,7,上海市-合肥市,待办
沪A66710F,苏龙,海格牌18吨双飞翼货车,租赁,2026-07-31,7,上海市-西安市,待办
沪A63660F,苏龙,海格牌18吨双飞翼货车,租赁,2026-07-31,7,浙江省-金华市,待办
沪A60691F,苏龙,海格牌18吨双飞翼货车,租赁,2026-07-31,7,上海市-西安市,待办
沪A59510F,苏龙,海格牌18吨双飞翼货车,租赁,2026-07-31,7,浙江省-金华市,待办
沪A58087F,苏龙,海格牌18吨双飞翼货车,租赁,2026-07-31,7,上海市-合肥市,待办
沪A55297F,苏龙,海格牌18吨双飞翼货车,租赁,2026-07-31,7,上海市-西安市,待办
沪A53322F,苏龙,海格牌18吨双飞翼货车,租赁,2026-07-31,7,上海市-西安市,待办
沪A52331F,苏龙,海格牌18吨双飞翼货车,租赁,2026-07-31,7,上海市-金华市,待办
沪A51893F,苏龙,海格牌18吨双飞翼货车,租赁,2026-07-31,7,上海市-西安市,待办
沪A32269F,苏龙,海格牌18吨双飞翼货车,租赁,2026-07-31,7,浙江省-金华市,待办
沪A31281F,苏龙,海格牌18吨双飞翼货车,租赁,2026-07-31,7,上海市-西安市,待办
沪A07006F,苏龙,海格牌18吨双飞翼货车,租赁,2026-07-31,7,陕西省-西安市,待办
京A13691F,楚风,18吨厢式货车,库存,2026-07-31,7,北京市-北京市,待办
京A11949F,楚风,18吨厢式货车,库存,2026-07-31,7,北京市-北京市,待办
京A45651F,楚风,18吨厢式货车,库存,2026-07-31,7,北京市-北京市,待办
沪A53960F,苏龙,海格牌18吨双飞翼货车,租赁,2026-07-31,7,上海市-金华市,待办
沪A32896F,苏龙,海格牌18吨双飞翼货车,租赁,2026-07-31,7,安徽省-合肥市,待办
沪A39626F,苏龙,海格牌18吨双飞翼货车,库存,2026-07-31,7,湖北省-金华市,待办
沪A09303F,苏龙,海格牌18吨双飞翼货车,租赁,2026-07-31,7,浙江省-金华市,待办
沪A56959F,苏龙,海格牌18吨双飞翼货车,租赁,2026-07-31,7,湖北省-金华市,待办
沪A60820F,苏龙,海格牌18吨双飞翼货车,库存,2026-07-31,7,浙江省-金华市,待办
沪A55179F,苏龙,海格牌18吨双飞翼货车,租赁,2026-07-31,7,浙江省-金华市,待办
沪A56122F,苏龙,海格牌18吨双飞翼货车,租赁,2026-07-31,7,浙江省-金华市,待办
沪A31211F,苏龙,海格牌18吨双飞翼货车,库存,2026-07-31,7,湖北省-金华市,待办
沪A50026F,苏龙,海格牌18吨双飞翼货车,租赁,2026-07-31,7,浙江省-金华市,待办
沪A68857F,苏龙,海格牌18吨双飞翼货车,租赁,2026-07-31,7,上海市-上海市,待办
沪A69695F,苏龙,海格牌18吨双飞翼货车,租赁,2026-07-31,7,安徽省-合肥市,待办
沪A63013F,苏龙,海格牌18吨双飞翼货车,库存,2026-07-31,7,浙江省-金华市,待办
沪A61121F,苏龙,海格牌18吨双飞翼货车,租赁,2026-07-31,7,安徽省-合肥市,待办
沪A67033F,苏龙,海格牌18吨双飞翼货车,租赁,2026-07-31,7,上海市-南京市,待办
沪A39608F,苏龙,海格牌18吨双飞翼货车,租赁,2026-07-31,7,江苏省-南京市,待办
沪A51612F,苏龙,海格牌18吨双飞翼货车,租赁,2026-07-31,7,江苏省-南京市,待办
沪A39815F,苏龙,海格牌18吨双飞翼货车,租赁,2026-07-31,7,上海市-南京市,待办
沪A50069F,苏龙,海格牌18吨双飞翼货车,租赁,2026-07-31,7,上海市-南京市,待办
沪A01813F,苏龙,海格牌18吨双飞翼货车,租赁,2026-07-31,7,江苏省-南京市,待办
沪A36133F,苏龙,海格牌18吨双飞翼货车,租赁,2026-07-31,7,江苏省-南京市,待办
沪A62322F,苏龙,海格牌18吨双飞翼货车,租赁,2026-07-31,7,江苏省-南京市,待办
沪A51677F,苏龙,海格牌18吨双飞翼货车,租赁,2026-07-31,7,江苏省-南京市,待办
沪A06695F,苏龙,海格牌18吨双飞翼货车,租赁,2026-07-31,7,江苏省-南京市,待办
沪A63697F,苏龙,海格牌18吨双飞翼货车,租赁,2026-07-31,7,上海市-南京市,待办
沪A66256F,苏龙,海格牌18吨双飞翼货车,租赁,2026-07-31,7,江苏省-南京市,待办
沪A00220F,苏龙,海格牌18吨双飞翼货车,租赁,2026-07-31,7,江苏省-常州市,待办
沪A68752F,苏龙,海格牌18吨双飞翼货车,租赁,2026-07-31,7,江苏省-南京市,待办
沪A59932F,苏龙,海格牌18吨双飞翼货车,租赁,2026-07-31,7,江苏省-南京市,待办
沪A52511F,苏龙,海格牌18吨双飞翼货车,租赁,2026-07-31,7,江苏省-南京市,待办
沪A59682F,苏龙,海格牌18吨双飞翼货车,租赁,2026-07-31,7,江苏省-南京市,待办
沪A31613F,苏龙,海格牌18吨双飞翼货车,租赁,2026-07-31,7,上海市-南京市,待办
沪A59799F,苏龙,海格牌18吨双飞翼货车,租赁,2026-07-31,7,江苏省-南京市,待办
沪A51580F,苏龙,海格牌18吨双飞翼货车,租赁,2026-07-31,7,江苏省-南京市,待办
沪A55339F,苏龙,海格牌18吨双飞翼货车,租赁,2026-07-31,7,江苏省-南京市,待办
沪A50309F,苏龙,海格牌18吨双飞翼货车,租赁,2026-07-31,7,江苏省-南京市,待办
沪A30399F,苏龙,海格牌18吨双飞翼货车,租赁,2026-07-31,7,江苏省-南京市,待办
沪A30010F,苏龙,海格牌18吨双飞翼货车,租赁,2026-07-31,7,江苏省-南京市,待办
沪A31031F,苏龙,海格牌18吨双飞翼货车,租赁,2026-07-31,7,江苏省-南京市,待办
沪A06335F,苏龙,海格牌18吨双飞翼货车,租赁,2026-07-31,7,江苏省-南京市,待办
沪A65522F,苏龙,海格牌18吨双飞翼货车,租赁,2026-07-31,7,江苏省-南京市,待办
沪A08786F,苏龙,海格牌18吨双飞翼货车,租赁,2026-07-31,7,上海市-南京市,待办
沪A61312F,苏龙,海格牌18吨双飞翼货车,租赁,2026-07-31,7,上海市-南京市,待办
沪A33216F,苏龙,海格牌18吨双飞翼货车,租赁,2026-07-31,7,江苏省-南京市,待办
沪A69997F,苏龙,海格牌18吨双飞翼货车,租赁,2026-07-31,7,江苏省-南京市,待办
沪A55697F,苏龙,海格牌18吨双飞翼货车,租赁,2026-07-31,7,浙江省-嘉兴市,待办
沪A35656F,苏龙,海格牌18吨双飞翼货车,租赁,2026-07-31,7,浙江省-嘉兴市,待办
沪A57858F,苏龙,海格牌18吨双飞翼货车,租赁,2026-07-31,7,浙江省-嘉兴市,待办
沪A01056F,苏龙,海格牌18吨双飞翼货车,租赁,2026-08-31,38,陕西省-西安市,待办
浙FF58720,跃进,4.5吨冷链车,库存,2026-08-31,38,浙江省-乌鲁木齐市,待办
浙FKV19挂,通华,重型集装箱半挂车,库存,2026-08-31,38,浙江省-嘉兴市,待办
沪AGN1890,跃进,4.5吨冷链车,租赁,2026-08-31,38,浙江省-嘉兴市,待办
沪AGK9821,跃进,4.5吨冷链车,库存,2026-08-31,38,浙江省-嘉兴市,待办
沪A59119F,苏龙,海格牌18吨双飞翼货车,租赁,2026-08-31,38,浙江省-上海市,待办
沪AGP3855,跃进,4.5吨冷链车,库存,2026-08-31,38,浙江省-嘉兴市,待办
沪AGX7675,跃进,4.5吨冷链车,库存,2026-08-31,38,浙江省-嘉兴市,待办
沪A08037F,苏龙,海格牌18吨双飞翼货车,租赁,2026-09-30,68,江苏省-南京市,待办
沪AGV2503,跃进,4.5吨冷链车,库存,2026-09-30,68,浙江省-嘉兴市,待办
沪AGW7720,跃进,4.5吨冷链车,库存,2026-09-30,68,广东省-韶关市,待办
沪A08315F,苏龙,海格牌18吨双飞翼货车,租赁,2026-09-30,68,浙江省-金华市,待办
沪A09251F,苏龙,海格牌18吨双飞翼货车,租赁,2026-09-30,68,浙江省-金华市,待办
沪A66921F,苏龙,海格牌18吨双飞翼货车,租赁,2026-09-30,68,上海市-上海市,待办
沪A57139F,苏龙,海格牌18吨双飞翼货车,租赁,2026-09-30,68,上海市-上海市,待办
沪A03620F,苏龙,海格牌18吨双飞翼货车,租赁,2026-09-30,68,上海市-上海市,待办
浙F08133F,飞驰,49吨牵引车头,租赁,2026-09-30,68,浙江省-嘉兴市,待办
浙F05202F,飞驰,49吨牵引车头,租赁,2026-09-30,68,浙江省-嘉兴市,待办
浙F06885F,飞驰,49吨牵引车头,租赁,2026-09-30,68,浙江省-嘉兴市,待办
浙F05521F,飞驰,49吨牵引车头,租赁,2026-09-30,68,浙江省-嘉兴市,待办
浙F09968F,飞驰,49吨牵引车头,租赁,2026-09-30,68,浙江省-嘉兴市,待办
浙F01505F,飞驰,49吨牵引车头,租赁,2026-09-30,68,浙江省-嘉兴市,待办
浙F08112F,飞驰,49吨牵引车头,租赁,2026-09-30,68,浙江省-嘉兴市,待办
浙F08860F,飞驰,49吨牵引车头,租赁,2026-09-30,68,浙江省-嘉兴市,待办
浙F08863F,飞驰,49吨牵引车头,租赁,2026-09-30,68,浙江省-嘉兴市,待办
浙F00661F,飞驰,49吨牵引车头,租赁,2026-09-30,68,浙江省-嘉兴市,待办
沪AGU0361,跃进,4.5吨冷链车,库存,2026-09-30,68,浙江省-嘉兴市,待办
沪AGU0933,跃进,4.5吨冷链车,库存,2026-09-30,68,浙江省-嘉兴市,待办
沪AGW3907,跃进,4.5吨冷链车,库存,2026-09-30,68,浙江省-嘉兴市,待办
沪AGW3350,跃进,4.5吨冷链车,库存,2026-09-30,68,浙江省-嘉兴市,待办
沪AGW9957,跃进,4.5吨冷链车,库存,2026-09-30,68,浙江省-嘉兴市,待办
沪AGU5976,跃进,4.5吨冷链车,库存,2026-09-30,68,浙江省-嘉兴市,待办
沪AGU9708,跃进,4.5吨冷链车,库存,2026-09-30,68,浙江省-嘉兴市,待办
沪AGU2792,跃进,4.5吨冷链车,库存,2026-09-30,68,浙江省-嘉兴市,待办
沪AGW6270,跃进,4.5吨冷链车,库存,2026-09-30,68,浙江省-嘉兴市,待办
沪AGW6139,跃进,4.5吨冷链车,库存,2026-09-30,68,浙江省-嘉兴市,待办
沪AGW6903,跃进,4.5吨冷链车,库存,2026-09-30,68,浙江省-嘉兴市,待办
沪AGW9653,跃进,4.5吨冷链车,库存,2026-09-30,68,浙江省-嘉兴市,待办
沪AGU7236,跃进,4.5吨冷链车,库存,2026-09-30,68,浙江省-嘉兴市,待办
沪A05830F,苏龙,海格牌18吨双飞翼货车,租赁,2026-09-30,68,浙江省-上海市,待办
沪AGW9332,跃进,4.5吨冷链车,库存,2026-09-30,68,浙江省-嘉兴市,待办
沪AGU6829,跃进,4.5吨冷链车,库存,2026-09-30,68,浙江省-苏州市,待办
沪AGU9929,跃进,4.5吨冷链车,库存,2026-09-30,68,浙江省-嘉兴市,待办
沪AGW2132,跃进,4.5吨冷链车,库存,2026-09-30,68,浙江省-嘉兴市,待办
沪AGU6395,跃进,4.5吨冷链车,库存,2026-09-30,68,浙江省-嘉兴市,待办
浙F08889F,苏龙,海格牌18吨双飞翼货车,租赁,2026-09-30,68,浙江省-金华市,待办
浙F00885F,苏龙,海格牌18吨双飞翼货车,租赁,2026-09-30,68,浙江省-金华市,待办
沪A32186F,苏龙,海格牌18吨双飞翼货车,租赁,2026-09-30,68,浙江省-成都市,待办
沪A35879F,苏龙,海格牌18吨双飞翼货车,库存,2026-09-30,68,安徽省-南京市,待办
沪BH391挂,鲁郸万通牌,重型集装箱半挂车,租赁,2026-09-30,68,浙江省-嘉兴市,待办

【已完成明细】
车牌号,品牌,型号,运营状态,检验到期日(更新后),办理时间,剩余天数,区域,状态
粤AGP3673,现代,帕力安牌4.5吨冷链车,租赁,2027-06-30,2026-07-18 14:30:43,347,湖北省-九龙坡区,已完成
粤AGP4587,现代,帕力安牌4.5吨冷链车,库存,2027-06-30,2026-07-18 14:26:46,347,湖北省-九龙坡区,已完成
浙F03838F,飞驰,49吨牵引车头,自营,2027-07-31,2026-07-16 11:18:09,380,浙江省-嘉兴市,已完成
沪A35798F,苏龙,海格牌18吨双飞翼货车,租赁,2027-09-30,2026-07-13 13:27:38,444,江苏省-南京市,已完成
沪A07153F,苏龙,海格牌18吨双飞翼货车,租赁,2027-09-30,2026-07-10 16:06:27,447,江苏省-南京市,已完成
沪A02720F,苏龙,海格牌18吨双飞翼货车,租赁,2027-09-30,2026-07-09 16:23:08,448,江苏省-南京市,已完成
沪A02361F,苏龙,海格牌18吨双飞翼货车,租赁,2027-09-30,2026-07-09 16:21:33,448,江苏省-南京市,已完成
沪A03659F,苏龙,海格牌18吨双飞翼货车,租赁,2027-09-30,2026-07-09 10:09:10,448,江苏省-南京市,已完成
粤AGP5301,现代,帕力安牌4.5吨冷链车,库存,2027-06-30,2026-07-07 15:03:52,358,广东省-广州市,已完成
沪A03397F,苏龙,海格牌18吨双飞翼货车,租赁,2027-09-30,2026-07-07 11:15:43,85,江苏省-南京市,已完成
沪A08037F,苏龙,海格牌18吨双飞翼货车,租赁,2026-09-30,2026-07-06 13:09:47,86,江苏省-南京市,已完成
沪A39289F,苏龙,海格牌18吨双飞翼货车,租赁,2027-09-30,2026-07-06 13:09:05,451,江苏省-南京市,已完成
沪A61738F,苏龙,海格牌18吨双飞翼货车,租赁,2027-09-30,2026-07-06 13:08:23,451,江苏省-南京市,已完成
粤AGP5169,现代,帕力安牌4.5吨冷链车,库存,2027-06-30,2026-07-06 00:13:49,359,四川省-成都市,已完成
京A05989F,楚风,18吨厢式货车,库存,2027-06-30,2026-07-04 10:44:54,361,北京市-北京市,已完成
粤AGP2009,现代,帕力安牌4.5吨冷链车,库存,2027-06-30,2026-07-03 15:48:59,362,广东省-深圳市,已完成
粤AGP4569,现代,帕力安牌4.5吨冷链车,库存,2027-06-30,2026-07-03 15:48:03,362,广东省-深圳市,已完成
粤AGP5613,现代,帕力安牌4.5吨冷链车,库存,2027-06-30,2026-07-03 15:47:12,362,广东省-深圳市,已完成
粤AGP4482,现代,帕力安牌4.5吨冷链车,库存,2027-06-30,2026-07-03 15:46:18,362,广东省-深圳市,已完成
粤AGP5712,现代,帕力安牌4.5吨冷链车,租赁,2027-06-30,2026-07-03 14:38:35,362,广东省-广州市,已完成
沪A60339F,苏龙,海格牌18吨双飞翼货车,租赁,2027-09-30,2026-07-03 12:55:46,454,江苏省-南京市,已完成
沪A62928F,苏龙,海格牌18吨双飞翼货车,租赁,2027-09-30,2026-07-02 23:15:23,92,江苏省-南京市,已完成
粤AGP5621,现代,帕力安牌4.5吨冷链车,库存,2027-06-30,2026-07-02 22:15:28,363,重庆市-九龙坡区,已完成
粤AGP5363,现代,帕力安牌4.5吨冷链车,库存,2027-06-30,2026-07-02 22:13:23,363,四川省-成都市,已完成
粤AGP4538,现代,帕力安牌4.5吨冷链车,租赁,2027-06-30,2026-07-02 22:07:18,363,四川省-成都市,已完成
粤AGP3631,现代,帕力安牌4.5吨冷链车,库存,2027-06-30,2026-07-02 22:05:02,363,四川省-成都市,已完成
粤AGP3509,现代,帕力安牌4.5吨冷链车,租赁,2027-06-30,2026-07-02 21:57:48,363,四川省-成都市,已完成
粤AGP3505,现代,帕力安牌4.5吨冷链车,库存,2027-06-30,2026-07-02 21:55:24,363,重庆市-渝北区,已完成
粤AGP3082,现代,帕力安牌4.5吨冷链车,库存,2027-06-30,2026-07-02 21:53:15,363,重庆市-九龙坡区,已完成
粤AGP3071,现代,帕力安牌4.5吨冷链车,库存,2027-06-30,2026-07-02 21:41:51,363,四川省-成都市,已完成
粤AGP2032,现代,帕力安牌4.5吨冷链车,库存,2027-06-30,2026-07-02 21:39:54,363,四川省-成都市,已完成
粤AGP5617,现代,帕力安牌4.5吨冷链车,库存,2027-06-30,2026-06-30 15:11:52,365,江苏省-苏州市,已完成
粤AGP5165,现代,帕力安牌4.5吨冷链车,库存,2027-06-30,2026-06-30 15:11:24,365,广东省-广州市,已完成
粤AGP4522,现代,帕力安牌4.5吨冷链车,库存,2027-06-30,2026-06-30 15:10:38,365,浙江省-嘉兴市,已完成
粤AGP3649,现代,帕力安牌4.5吨冷链车,库存,2027-06-30,2026-06-30 15:10:03,365,广东省-广州市,已完成
粤AGP3612,现代,帕力安牌4.5吨冷链车,库存,2027-06-30,2026-06-30 15:09:28,365,浙江省-嘉兴市,已完成
粤AGP9346,现代,帕力安牌4.5吨冷链车,库存,2027-06-30,2026-06-30 15:07:41,365,浙江省-嘉兴市,已完成
粤AGP3079,现代,帕力安牌4.5吨冷链车,库存,2027-06-30,2026-06-29 15:54:51,366,浙江省-嘉兴市,已完成
粤AGP9351,现代,帕力安牌4.5吨冷链车,租赁,2027-06-30,2026-06-28 10:11:11,367,广东省-广州市,已完成
粤AGP9347,现代,帕力安牌4.5吨冷链车,库存,2027-06-30,2026-06-28 10:10:18,367,广东省-深圳市,已完成
沪A01933F,宇通,49吨牵引车头,租赁,2027-06-30,2026-06-28 09:57:19,367,湖北省-武汉市,已完成
粤AGP4502,现代,帕力安牌4.5吨冷链车,库存,2027-06-30,2026-06-26 22:52:42,369,广东省-广州市,已完成
粤AGP7022,现代,帕力安牌4.5吨冷链车,库存,2027-06-30,2026-06-26 22:49:12,369,广东省-佛山市,已完成
粤AGP9703,现代,帕力安牌4.5吨冷链车,库存,2027-06-30,2026-06-26 22:48:26,369,广东省-广州市,已完成
粤AGP9751,现代,帕力安牌4.5吨冷链车,库存,2027-06-30,2026-06-26 22:46:28,369,广东省-深圳市,已完成
粤AGP9817,现代,帕力安牌4.5吨冷链车,库存,2027-06-30,2026-06-26 22:44:59,369,广东省-佛山市,已完成
粤AGP9721,现代,帕力安牌4.5吨冷链车,自营,2027-06-30,2026-06-26 22:43:41,369,广东省-广州市,已完成
粤AGP3667,现代,帕力安牌4.5吨冷链车,库存,2027-06-30,2026-06-26 22:42:26,369,广东省-佛山市,已完成
粤AGP5760,现代,帕力安牌4.5吨冷链车,库存,2027-06-30,2026-06-26 22:41:09,369,广东省-广州市,已完成
粤AGP4435,现代,帕力安牌4.5吨冷链车,库存,2027-06-30,2026-06-26 22:39:13,369,广东省-广州市,已完成
粤AGP2011,现代,帕力安牌4.5吨冷链车,租赁,2027-06-30,2026-06-26 22:36:59,369,广东省-广州市,已完成
粤AGP9759,现代,帕力安牌4.5吨冷链车,租赁,2027-06-30,2026-06-26 16:51:35,369,广东省-广州市,已完成
粤AGP4583,现代,帕力安牌4.5吨冷链车,库存,2027-06-30,2026-06-26 16:45:58,369,广东省-广州市,已完成
粤AGP9717,现代,帕力安牌4.5吨冷链车,库存,2027-06-30,2026-06-26 16:39:31,369,广东省-佛山市,已完成
粤AGP5661,现代,帕力安牌4.5吨冷链车,库存,2027-06-30,2026-06-26 13:50:40,369,江苏省-苏州市,已完成
粤AGP3659,现代,帕力安牌4.5吨冷链车,库存,2027-06-30,2026-06-25 13:15:16,370,浙江省-嘉兴市,已完成
浙FHU33挂,通华,重型集装箱半挂车,自营,2027-05-31,2026-06-25 12:51:16,340,浙江省-嘉兴市,已完成
沪FR0572,红岩,35吨牵引车头,租赁,2027-06-30,2026-06-25 12:48:47,370,浙江省-嘉兴市,已完成
粤AGP4489,现代,帕力安牌4.5吨冷链车,库存,2027-06-30,2026-06-25 09:04:32,370,浙江省-嘉兴市,已完成
粤AGP3027,现代,帕力安牌4.5吨冷链车,库存,2027-06-30,2026-06-25 08:58:15,370,浙江省-嘉兴市,已完成
粤AGP3651,现代,帕力安牌4.5吨冷链车,库存,2027-06-30,2026-06-25 08:41:55,370,浙江省-嘉兴市,已完成
粤AGP4486,现代,帕力安牌4.5吨冷链车,租赁,2027-06-30,2026-06-24 18:25:07,371,广东省-广州市,已完成
粤AGP4355,现代,帕力安牌4.5吨冷链车,自营,2027-06-30,2026-06-24 17:16:49,371,浙江省-嘉兴市,已完成
沪A68186F,宇通,49吨牵引车头,库存,2027-06-30,2026-06-24 16:44:28,371,四川省-成都市,已完成
沪A32295F,宇通,49吨牵引车头,库存,2027-06-30,2026-06-24 16:34:51,371,四川省-成都市,已完成
粤AGP5167,现代,帕力安牌4.5吨冷链车,库存,2027-06-30,2026-06-24 13:11:06,371,浙江省-嘉兴市,已完成
粤AGP3078,现代,帕力安牌4.5吨冷链车,自营,2027-06-30,2026-06-24 12:26:19,371,浙江省-嘉兴市,已完成
粤AGP4548,现代,帕力安牌4.5吨冷链车,自营,2027-06-30,2026-06-24 12:24:13,371,浙江省-嘉兴市,已完成
粤AGP5379,现代,帕力安牌4.5吨冷链车,库存,2027-06-30,2026-06-24 12:23:03,371,浙江省-嘉兴市,已完成
粤AGP7016,现代,帕力安牌4.5吨冷链车,租赁,2027-06-30,2026-06-24 01:00:43,371,广东省-广州市,已完成
粤AGP3695,现代,帕力安牌4.5吨冷链车,库存,2027-06-30,2026-06-23 18:36:49,372,江苏省-苏州市,已完成
粤AGP7019,现代,帕力安牌4.5吨冷链车,库存,2027-06-30,2026-06-23 15:52:38,372,四川省-成都市,已完成
浙F07000F,飞驰,18吨厢式货车,库存,2027-06-30,2026-06-23 15:46:09,372,江苏省-苏州市,已完成
浙F05128F,飞驰,18吨厢式货车,库存,2027-06-30,2026-06-23 14:09:03,372,江苏省-苏州市,已完成
粤AGP3078,现代,帕力安牌4.5吨冷链车,库存,2027-06-30,2026-06-23 11:12:06,372,浙江省-嘉兴市,已完成
粤AGP4548,现代,帕力安牌4.5吨冷链车,库存,2027-06-30,2026-06-23 11:11:04,372,浙江省-嘉兴市,已完成
粤AGP3515,现代,帕力安牌4.5吨冷链车,库存,2027-06-30,2026-06-23 10:01:20,372,江苏省-苏州市,已完成
粤AGP4377,现代,帕力安牌4.5吨冷链车,库存,2027-06-30,2026-06-23 09:45:56,372,浙江省-嘉兴市,已完成
粤AGP3609,现代,帕力安牌4.5吨冷链车,库存,2027-06-30,2026-06-23 09:39:50,372,浙江省-嘉兴市,已完成
粤AGP2011,现代,帕力安牌4.5吨冷链车,库存,2027-06-30,2026-06-23 09:08:36,372,广东省-广州市,已完成
粤AGP4435,现代,帕力安牌4.5吨冷链车,库存,2027-06-30,2026-06-23 09:07:17,372,广东省-广州市,已完成
粤AGP4599,现代,帕力安牌4.5吨冷链车,库存,2027-06-30,2026-06-22 10:05:04,373,浙江省-嘉兴市,已完成
粤AGP9350,现代,帕力安牌4.5吨冷链车,库存,2027-06-30,2026-06-22 09:40:32,373,浙江省-嘉兴市,已完成
浙F06900F,飞驰,18吨厢式货车,库存,2027-06-30,2026-06-22 09:14:49,373,江苏省-苏州市,已完成
粤AGP5791,现代,帕力安牌4.5吨冷链车,库存,2027-06-30,2026-06-21 14:25:59,9,新疆维吾尔自治区-乌鲁木齐市,已完成
粤AGP5711,现代,帕力安牌4.5吨冷链车,库存,2027-06-30,2026-06-21 14:13:45,9,新疆维吾尔自治区-乌鲁木齐市,已完成
粤AGP5643,现代,帕力安牌4.5吨冷链车,库存,2027-06-30,2026-06-21 14:13:28,-375,新疆维吾尔自治区-乌鲁木齐市,已完成
浙F33788F,飞驰,18吨厢式货车,库存,2027-06-30,2026-06-21 10:06:19,374,江苏省-苏州市,已完成
沪A35951F,宇通,49吨牵引车头,库存,2027-06-30,2026-06-21 09:58:26,374,浙江省-宁波市,已完成
沪A31563F,宇通,49吨牵引车头,库存,2027-06-30,2026-06-21 09:50:45,374,浙江省-嘉兴市,已完成
粤AGP3672,现代,帕力安牌4.5吨冷链车,库存,2027-06-30,2026-06-21 09:03:42,374,广东省-广州市,已完成
粤AGP5792,现代,帕力安牌4.5吨冷链车,库存,2027-06-30,2026-06-21 09:02:18,374,广东省-广州市,已完成
粤AGP4325,现代,帕力安牌4.5吨冷链车,租赁,2027-06-30,2026-06-21 08:58:07,374,广东省-广州市,已完成
粤AGP4451,现代,帕力安牌4.5吨冷链车,库存,2027-06-30,2026-06-21 08:57:18,374,广东省-广州市,已完成
粤AGP9731,现代,帕力安牌4.5吨冷链车,库存,2027-06-30,2026-06-21 08:55:17,374,广东省-深圳市,已完成
粤AGP3660,现代,帕力安牌4.5吨冷链车,库存,2027-06-30,2026-06-21 08:51:28,374,广东省-深圳市,已完成
粤AGP3642,现代,帕力安牌4.5吨冷链车,库存,2027-06-30,2026-06-21 08:50:01,374,广东省-深圳市,已完成
粤AGP3029,现代,帕力安牌4.5吨冷链车,库存,2027-06-30,2026-06-21 08:48:51,374,广东省-广州市,已完成
粤AGP5719,现代,帕力安牌4.5吨冷链车,库存,2027-06-30,2026-06-21 08:47:41,374,广东省-广州市,已完成
粤AGP3502,现代,帕力安牌4.5吨冷链车,库存,2027-06-30,2026-06-21 08:46:47,374,广东省-广州市,已完成
粤AGP9790,现代,帕力安牌4.5吨冷链车,库存,2027-06-30,2026-06-21 08:45:22,374,广东省-广州市,已完成
粤AGP5623,现代,帕力安牌4.5吨冷链车,库存,2027-06-30,2026-06-21 08:30:57,374,广东省-深圳市,已完成
粤AGP4223,现代,帕力安牌4.5吨冷链车,库存,2027-06-30,2026-06-21 08:28:24,374,广东省-广州市,已完成
粤AGP9330,现代,帕力安牌4.5吨冷链车,库存,2027-06-30,2026-06-21 08:26:55,9,广东省-韶关市,已完成
粤AGP5350,现代,帕力安牌4.5吨冷链车,库存,2026-06-30,2026-06-18 16:46:37,12,广东省-深圳市,已完成
沪A39286F,宇通,49吨牵引车头,租赁,2027-06-30,2026-06-18 15:45:50,377,四川省-成都市,已完成
沪A59895F,宇通,49吨牵引车头,租赁,2027-06-30,2026-06-18 15:42:59,377,四川省-成都市,已完成
京A19945F,楚风,18吨厢式货车,租赁,2027-07-31,2026-06-18 15:36:15,43,四川省-成都市,已完成
粤AGP9755,现代,帕力安牌4.5吨冷链车,库存,2027-06-30,2026-06-17 13:16:37,378,浙江省-杭州市,已完成
粤AGP3605,现代,帕力安牌4.5吨冷链车,库存,2027-06-30,2026-06-17 13:14:37,378,浙江省-嘉兴市,已完成
沪A32399F,宇通,49吨牵引车头,库存,2027-06-30,2026-06-17 13:05:46,378,浙江省-嘉兴市,已完成
沪A50805F,宇通,49吨牵引车头,库存,2027-06-30,2026-06-17 12:59:16,378,浙江省-宁波市,已完成
沪A68122F,宇通,49吨牵引车头,租赁,2027-06-30,2026-06-17 12:55:41,378,浙江省-嘉兴市,已完成
粤AGP3625,现代,帕力安牌4.5吨冷链车,库存,2027-06-30,2026-06-17 12:15:16,378,广东省-广州市,已完成
粤AGP5351,现代,帕力安牌4.5吨冷链车,库存,2027-06-30,2026-06-17 12:13:26,378,江苏省-苏州市,已完成
浙F07878F,飞驰,18吨厢式货车,库存,2027-06-30,2026-06-15 15:13:29,380,江苏省-苏州市,已完成
粤AGP5797,现代,帕力安牌4.5吨冷链车,库存,2027-06-30,2026-06-15 13:39:09,380,江苏省-苏州市,已完成
沪A33198F,宇通,49吨牵引车头,库存,2027-06-30,2026-06-15 10:50:18,380,浙江省-嘉兴市,已完成
沪A65051F,宇通,49吨牵引车头,库存,2027-06-30,2026-06-15 09:45:03,380,浙江省-嘉兴市,已完成
粤AGP4596,现代,帕力安牌4.5吨冷链车,库存,2027-06-30,2026-06-13 18:10:13,17,广东省-广州市,已完成
粤AGP4325,现代,帕力安牌4.5吨冷链车,库存,2027-06-30,2026-06-13 11:27:33,382,广东省-广州市,已完成
粤AGP3503,现代,帕力安牌4.5吨冷链车,库存,2027-06-30,2026-06-12 17:17:21,383,浙江省-嘉兴市,已完成
沪A62261F,宇通,49吨牵引车头,库存,2027-06-30,2026-06-12 14:55:52,383,浙江省-嘉兴市,已完成
沪A50628F,宇通,49吨牵引车头,库存,2027-06-30,2026-06-12 14:54:44,383,浙江省-嘉兴市,已完成
沪A30309F,宇通,49吨牵引车头,库存,2027-06-30,2026-06-12 14:53:13,383,浙江省-嘉兴市,已完成
沪A62802F,宇通,49吨牵引车头,库存,2027-06-30,2026-06-12 14:49:46,383,浙江省-嘉兴市,已完成
粤AGP5646,现代,帕力安牌4.5吨冷链车,库存,2027-06-30,2026-06-12 14:46:15,383,江苏省-苏州市,已完成
粤AGP3617,现代,帕力安牌4.5吨冷链车,租赁,2027-06-30,2026-06-12 14:45:05,383,广东省-广州市,已完成
粤AGP3486,现代,帕力安牌4.5吨冷链车,库存,2027-06-30,2026-06-12 14:42:43,383,广东省-广州市,已完成
粤AGP5763,现代,帕力安牌4.5吨冷链车,库存,2027-06-30,2026-06-12 14:28:22,383,浙江省-嘉兴市,已完成
粤AGG3413,现代,4.5吨货车,租赁,2027-05-31,2026-06-12 14:25:17,353,广东省-东莞市,已完成
粤AF09130,现代,4.5吨货车,租赁,2027-05-31,2026-06-12 14:20:05,353,广东省-东莞市,已完成
粤AGP5749,现代,帕力安牌4.5吨冷链车,库存,2027-06-30,2026-06-12 14:04:29,383,浙江省-嘉兴市,已完成
粤AGP5691,现代,帕力安牌4.5吨冷链车,库存,2027-06-30,2026-06-12 14:04:26,383,浙江省-嘉兴市,已完成
沪A68019F,宇通,49吨牵引车头,库存,2027-06-30,2026-06-12 14:02:56,383,浙江省-嘉兴市,已完成
粤AGP5651,现代,帕力安牌4.5吨冷链车,库存,2027-06-30,2026-06-12 13:55:34,383,浙江省-嘉兴市,已完成
粤AGP4629,现代,帕力安牌4.5吨冷链车,库存,2027-06-30,2026-06-11 22:00:38,384,广东省-佛山市,已完成
粤AGP2017,现代,帕力安牌4.5吨冷链车,库存,2027-06-30,2026-06-11 21:59:28,19,广东省-佛山市,已完成
沪A03212F,宇通,49吨牵引车头,库存,2027-06-30,2026-06-11 12:05:11,384,四川省-成都市,已完成
沪A60591F,宇通,49吨牵引车头,库存,2027-06-30,2026-06-11 12:04:34,384,四川省-成都市,已完成
沪A59895F,宇通,49吨牵引车头,库存,2027-06-30,2026-06-11 12:04:00,384,四川省-成都市,已完成